tiempo_s;raw;delta;voltaje_mV;fuerza_N;;;;;;;;;;;;;;;
0.01;18050;-43;-0.001602;-0.006361;;;;;;;;;;;;;;;
0.023;18150;57;0.002123;0.008432;;;;;;;;;;;;;;;
0.036;18036;-57;-0.002123;-0.008432;;;;;;;;;;;;;;;
0.05;18063;-30;-0.001118;-0.004438;;;;;;;;;;;;;;;
0.063;18018;-75;-0.002794;-0.011095;;;;;;;;;;;;;;;
0.076;18049;-44;-0.001639;-0.006509;;;;;;;;;;;;;;;
0.09;17916;-177;-0.006594;-0.026185;;;;;;;;;;;;;;;
0.103;18084;-9;-0.000335;-0.001331;;;;;;;;;;;;;;;
0.116;18034;-59;-0.002198;-0.008728;;;;;;;;;;;;;;;
0.13;18042;-51;-0.0019;-0.007545;;;;;;;;;;;;;;;
0.143;18053;-40;-0.00149;-0.005917;;;;;;;;;;;;;;;
0.156;18057;-36;-0.001341;-0.005326;;;;;;;;;;;;;;;
0.169;18030;-63;-0.002347;-0.00932;;;;;;;;;;;;;;;
0.183;18099;6;0.000224;0.000888;;;;;;;;;;;;;;;
0.196;18005;-88;-0.003278;-0.013018;;;;;;;;;;;;;;;
0.209;17988;-105;-0.003912;-0.015533;;;;;;;;;;;;;;;
0.223;18113;20;0.000745;0.002959;;;;;;;;;;;;;;;
0.236;18020;-73;-0.002719;-0.010799;;;;;;;;;;;;;;;
0.249;17986;-107;-0.003986;-0.015829;;;;;;;;;;;;;;;
0.263;18055;-38;-0.001416;-0.005622;;;;;;;;;;;;;;;                                                                                     
0.276;18080;-13;-0.000484;-0.001923;;;;;;;;;;;;;;;
0.289;17982;-111;-0.004135;-0.016421;;;;;;;;;;;;;;;
0.303;18119;26;0.000969;0.003846;;;;;;;;;;;;;;;
0.316;18018;-75;-0.002794;-0.011095;;;;;;;;;;;;;;;
0.329;18025;-68;-0.002533;-0.01006;;;;;;;;;;;;;;;
0.343;17979;-114;-0.004247;-0.016865;;;;;;;;;;;;;;;
0.356;18118;25;0.000931;0.003698;;;;;;;;;;;;;;;
0.369;18037;-56;-0.002086;-0.008284;;;;;;;;;;;;;;;
0.382;18095;2;0.000075;0.000296;;;;;;;;;;;;;;;
0.396;18029;-64;-0.002384;-0.009468;;;;;;;;;;;;;;;
0.409;18017;-76;-0.002831;-0.011243;;;;;;;;;;;;;;;
0.422;18128;35;0.001304;0.005178;;;;;;;;;;;;;;;
0.436;18056;-37;-0.001378;-0.005474;;;;;;;;;;;;;;;
0.449;18073;-20;-0.000745;-0.002959;;;;;;;;;;;;;;;
0.462;18075;-18;-0.000671;-0.002663;;;;;;;;;;;;;;;
0.476;18122;29;0.00108;0.00429;;;;;;;;;;;;;;;
0.489;17930;-163;-0.006072;-0.024114;;;;;;;;;;;;;;;
0.502;18147;54;0.002012;0.007989;;;;;;;;;;;;;;;
0.516;18010;-83;-0.003092;-0.012279;;;;;;;;;;;;;;;
0.529;18071;-22;-0.00082;-0.003255;;;;;;;;;;;;;;;
0.542;18054;-39;-0.001453;-0.00577;;;;;;;;;;;;;;;
0.556;18056;-37;-0.001378;-0.005474;;;;;;;;;;;;;;;
0.569;18033;-60;-0.002235;-0.008876;;;;;;;;;;;;;;;
0.582;18069;-24;-0.000894;-0.00355;;;;;;;;;;;;;;;
0.596;18012;-81;-0.003017;-0.011983;;;;;;;;;;;;;;;
0.609;17959;-134;-0.004992;-0.019824;;;;;;;;;;;;;;;
0.622;18070;-23;-0.000857;-0.003403;;;;;;;;;;;;;;;
0.635;17980;-113;-0.00421;-0.016717;;;;;;;;;;;;;;;
0.649;18055;-38;-0.001416;-0.005622;;;;;;;;;;;;;;;
0.662;18028;-65;-0.002421;-0.009616;;;;;;;;;;;;;;;
0.675;18044;-49;-0.001825;-0.007249;;;;;;;;;;;;;;;
0.689;17958;-135;-0.005029;-0.019972;;;;;;;;;;;;;;;
0.702;18116;23;0.000857;0.003403;;;;;;;;;;;;;;;
0.715;18057;-36;-0.001341;-0.005326;;;;;;;;;;;;;;;
0.729;17972;-121;-0.004508;-0.0179;;;;;;;;;;;;;;;
0.742;17960;-133;-0.004955;-0.019676;;;;;;;;;;;;;;;
0.755;18067;-26;-0.000969;-0.003846;;;;;;;;;;;;;;;
0.769;18057;-36;-0.001341;-0.005326;;;;;;;;;;;;;;;
0.782;18071;-22;-0.00082;-0.003255;;;;;;;;;;;;;;;
0.795;18098;5;0.000186;0.00074;;;;;;;;;;;;;;;
0.808;18029;-64;-0.002384;-0.009468;;;;;;;;;;;;;;;
0.822;18118;25;0.000931;0.003698;;;;;;;;;;;;;;;
0.835;18025;-68;-0.002533;-0.01006;;;;;;;;;;;;;;;
0.848;18014;-79;-0.002943;-0.011687;;;;;;;;;;;;;;;
0.862;18035;-58;-0.002161;-0.00858;;;;;;;;;;;;;;;
0.875;18109;16;0.000596;0.002367;;;;;;;;;;;;;;;
0.888;18044;-49;-0.001825;-0.007249;;;;;;;;;;;;;;;
0.902;18073;-20;-0.000745;-0.002959;;;;;;;;;;;;;;;
0.915;18027;-66;-0.002459;-0.009764;;;;;;;;;;;;;;;
0.928;18068;-25;-0.000931;-0.003698;;;;;;;;;;;;;;;
0.942;18026;-67;-0.002496;-0.009912;;;;;;;;;;;;;;;
0.955;18140;47;0.001751;0.006953;;;;;;;;;;;;;;;
0.968;18041;-52;-0.001937;-0.007693;;;;;;;;;;;;;;;
0.981;18120;27;0.001006;0.003994;;;;;;;;;;;;;;;
0.995;17963;-130;-0.004843;-0.019232;;;;;;;;;;;;;;;
1.008;18010;-83;-0.003092;-0.012279;;;;;;;;;;;;;;;
1.021;18125;32;0.001192;0.004734;;;;;;;;;;;;;;;
1.035;18083;-10;-0.000373;-0.001479;;;;;;;;;;;;;;;
1.048;17995;-98;-0.003651;-0.014498;;;;;;;;;;;;;;;
1.061;18118;25;0.000931;0.003698;;;;;;;;;;;;;;;
1.075;18080;-13;-0.000484;-0.001923;;;;;;;;;;;;;;;
1.088;18025;-68;-0.002533;-0.01006;;;;;;;;;;;;;;;
1.101;18083;-10;-0.000373;-0.001479;;;;;;;;;;;;;;;
1.115;17997;-96;-0.003576;-0.014202;;;;;;;;;;;;;;;
1.128;18109;16;0.000596;0.002367;;;;;;;;;;;;;;;
1.141;18051;-42;-0.001565;-0.006213;;;;;;;;;;;;;;;
1.155;18079;-14;-0.000522;-0.002071;;;;;;;;;;;;;;;
1.168;17990;-103;-0.003837;-0.015238;;;;;;;;;;;;;;;
1.181;18045;-48;-0.001788;-0.007101;;;;;;;;;;;;;;;
1.194;18036;-57;-0.002123;-0.008432;;;;;;;;;;;;;;;
1.208;18047;-46;-0.001714;-0.006805;;;;;;;;;;;;;;;
1.221;18102;9;0.000335;0.001331;;;;;;;;;;;;;;;
1.234;18050;-43;-0.001602;-0.006361;;;;;;;;;;;;;;;
1.248;17992;-101;-0.003763;-0.014942;;;;;;;;;;;;;;;
1.261;18059;-34;-0.001267;-0.00503;;;;;;;;;;;;;;;
1.274;18091;-2;-0.000075;-0.000296;;;;;;;;;;;;;;;
1.288;18064;-29;-0.00108;-0.00429;;;;;;;;;;;;;;;
1.301;18111;18;0.000671;0.002663;;;;;;;;;;;;;;;
1.314;18092;-1;-0.000037;-0.000148;;;;;;;;;;;;;;;
1.328;18136;43;0.001602;0.006361;;;;;;;;;;;;;;;
1.341;18051;-42;-0.001565;-0.006213;;;;;;;;;;;;;;;
1.354;18089;-4;-0.000149;-0.000592;;;;;;;;;;;;;;;
1.367;18020;-73;-0.002719;-0.010799;;;;;;;;;;;;;;;
1.381;18033;-60;-0.002235;-0.008876;;;;;;;;;;;;;;;
1.394;18100;7;0.000261;0.001036;;;;;;;;;;;;;;;
1.407;18043;-50;-0.001863;-0.007397;;;;;;;;;;;;;;;
1.421;18078;-15;-0.000559;-0.002219;;;;;;;;;;;;;;;
1.434;18123;30;0.001118;0.004438;;;;;;;;;;;;;;;
1.447;17987;-106;-0.003949;-0.015681;;;;;;;;;;;;;;;
1.461;18055;-38;-0.001416;-0.005622;;;;;;;;;;;;;;;
1.474;18132;39;0.001453;0.00577;;;;;;;;;;;;;;;
1.487;18032;-61;-0.002272;-0.009024;;;;;;;;;;;;;;;
1.501;18029;-64;-0.002384;-0.009468;;;;;;;;;;;;;;;
1.514;18107;14;0.000522;0.002071;;;;;;;;;;;;;;;
1.527;18012;-81;-0.003017;-0.011983;;;;;;;;;;;;;;;
1.541;17982;-111;-0.004135;-0.016421;;;;;;;;;;;;;;;
1.554;18137;44;0.001639;0.006509;;;;;;;;;;;;;;;
1.567;17998;-95;-0.003539;-0.014054;;;;;;;;;;;;;;;
1.581;18067;-26;-0.000969;-0.003846;;;;;;;;;;;;;;;
1.594;18034;-59;-0.002198;-0.008728;;;;;;;;;;;;;;;
1.607;18019;-74;-0.002757;-0.010947;;;;;;;;;;;;;;;
1.62;18058;-35;-0.001304;-0.005178;;;;;;;;;;;;;;;
1.634;18102;9;0.000335;0.001331;;;;;;;;;;;;;;;
1.647;18010;-83;-0.003092;-0.012279;;;;;;;;;;;;;;;
1.66;18066;-27;-0.001006;-0.003994;;;;;;;;;;;;;;;
1.674;18084;-9;-0.000335;-0.001331;;;;;;;;;;;;;;;
1.687;18091;-2;-0.000075;-0.000296;;;;;;;;;;;;;;;
1.7;17966;-127;-0.004731;-0.018788;;;;;;;;;;;;;;;
1.714;18035;-58;-0.002161;-0.00858;;;;;;;;;;;;;;;
1.727;18097;4;0.000149;0.000592;;;;;;;;;;;;;;;
1.74;17956;-137;-0.005104;-0.020267;;;;;;;;;;;;;;;
1.754;18125;32;0.001192;0.004734;;;;;;;;;;;;;;;
1.767;17928;-165;-0.006147;-0.02441;;;;;;;;;;;;;;;
1.78;17985;-108;-0.004023;-0.015977;;;;;;;;;;;;;;;
1.794;18010;-83;-0.003092;-0.012279;;;;;;;;;;;;;;;
1.807;18058;-35;-0.001304;-0.005178;;;;;;;;;;;;;;;
1.82;18053;-40;-0.00149;-0.005917;;;;;;;;;;;;;;;
1.833;18040;-53;-0.001974;-0.007841;;;;;;;;;;;;;;;
1.847;17967;-126;-0.004694;-0.01864;;;;;;;;;;;;;;;
1.86;17996;-97;-0.003614;-0.01435;;;;;;;;;;;;;;;
1.873;18115;22;0.00082;0.003255;;;;;;;;;;;;;;;
1.887;18053;-40;-0.00149;-0.005917;;;;;;;;;;;;;;;
1.9;18032;-61;-0.002272;-0.009024;;;;;;;;;;;;;;;
1.913;17984;-109;-0.004061;-0.016125;;;;;;;;;;;;;;;
1.927;18084;-9;-0.000335;-0.001331;;;;;;;;;;;;;;;
1.94;17988;-105;-0.003912;-0.015533;;;;;;;;;;;;;;;
1.953;18136;43;0.001602;0.006361;;;;;;;;;;;;;;;
1.967;18027;-66;-0.002459;-0.009764;;;;;;;;;;;;;;;
1.98;18060;-33;-0.001229;-0.004882;;;;;;;;;;;;;;;
1.993;18043;-50;-0.001863;-0.007397;;;;;;;;;;;;;;;
2.006;18088;-5;-0.000186;-0.00074;;;;;;;;;;;;;;;
2.02;18042;-51;-0.0019;-0.007545;;;;;;;;;;;;;;;
2.033;18085;-8;-0.000298;-0.001183;;;;;;;;;;;;;;;
2.046;18019;-74;-0.002757;-0.010947;;;;;;;;;;;;;;;
2.06;18047;-46;-0.001714;-0.006805;;;;;;;;;;;;;;;
2.073;18158;65;0.002421;0.009616;;;;;;;;;;;;;;;
2.086;18055;-38;-0.001416;-0.005622;;;;;;;;;;;;;;;
2.1;17994;-99;-0.003688;-0.014646;;;;;;;;;;;;;;;
2.113;18019;-74;-0.002757;-0.010947;;;;;;;;;;;;;;;
2.126;18040;-53;-0.001974;-0.007841;;;;;;;;;;;;;;;
2.14;18009;-84;-0.003129;-0.012427;;;;;;;;;;;;;;;
2.153;18144;51;0.0019;0.007545;;;;;;;;;;;;;;;
2.166;18008;-85;-0.003166;-0.012575;;;;;;;;;;;;;;;
2.179;17993;-100;-0.003725;-0.014794;;;;;;;;;;;;;;;
2.193;18049;-44;-0.001639;-0.006509;;;;;;;;;;;;;;;
2.206;18122;29;0.00108;0.00429;;;;;;;;;;;;;;;
2.219;18033;-60;-0.002235;-0.008876;;;;;;;;;;;;;;;
2.233;18093;0;0;0;;;;;;;;;;;;;;;
2.246;18007;-86;-0.003204;-0.012723;;;;;;;;;;;;;;;
2.259;17976;-117;-0.004359;-0.017309;;;;;;;;;;;;;;;
2.273;18235;142;0.00529;0.021007;;;;;;;;;;;;;;;
2.286;18264;171;0.00637;0.025297;;;;;;;;;;;;;;;
2.299;18128;35;0.001304;0.005178;;;;;;;;;;;;;;;
2.313;18152;59;0.002198;0.008728;;;;;;;;;;;;;;;
2.326;18271;178;0.006631;0.026333;;;;;;;;;;;;;;;
2.339;18190;97;0.003614;0.01435;;;;;;;;;;;;;;;
2.353;18590;497;0.018515;0.073525;;;;;;;;;;;;;;;
2.366;18598;505;0.018813;0.074708;;;;;;;;;;;;;;;
2.379;18395;302;0.01125;0.044677;;;;;;;;;;;;;;;
2.392;18667;574;0.021383;0.084916;;;;;;;;;;;;;;;
2.406;19084;991;0.036918;0.146606;;;;;;;;;;;;;;;
2.419;19080;987;0.036769;0.146014;;;;;;;;;;;;;;;
2.432;19032;939;0.03498;0.138913;;;;;;;;;;;;;;;
2.446;19125;1032;0.038445;0.152671;;;;;;;;;;;;;;;
2.459;19334;1241;0.046231;0.18359;;;;;;;;;;;;;;;
2.472;19453;1360;0.050664;0.201194;;;;;;;;;;;;;;;
2.486;19459;1366;0.050887;0.202082;;;;;;;;;;;;;;;
2.499;19639;1546;0.057593;0.228711;;;;;;;;;;;;;;;
2.512;19766;1673;0.062324;0.247499;;;;;;;;;;;;;;;
2.526;19847;1754;0.065342;0.259482;;;;;;;;;;;;;;;
2.539;19872;1779;0.066273;0.26318;;;;;;;;;;;;;;;
2.552;20003;1910;0.071153;0.28256;;;;;;;;;;;;;;;
2.565;19894;1801;0.067092;0.266435;;;;;;;;;;;;;;;
2.579;20022;1929;0.071861;0.285371;;;;;;;;;;;;;;;
2.592;20040;1947;0.072531;0.288034;;;;;;;;;;;;;;;
2.605;20014;1921;0.071563;0.284187;;;;;;;;;;;;;;;
2.619;20059;1966;0.073239;0.290844;;;;;;;;;;;;;;;
2.632;20085;1992;0.074208;0.294691;;;;;;;;;;;;;;;
2.645;19963;1870;0.069663;0.276642;;;;;;;;;;;;;;;
2.659;20183;2090;0.077859;0.309189;;;;;;;;;;;;;;;
2.672;20013;1920;0.071526;0.284039;;;;;;;;;;;;;;;
2.685;19976;1883;0.070147;0.278566;;;;;;;;;;;;;;;
2.698;20045;1952;0.072718;0.288773;;;;;;;;;;;;;;;
2.712;20028;1935;0.072084;0.286258;;;;;;;;;;;;;;;
2.725;20077;1984;0.07391;0.293507;;;;;;;;;;;;;;;
2.738;20028;1935;0.072084;0.286258;;;;;;;;;;;;;;;
2.752;20116;2023;0.075363;0.299277;;;;;;;;;;;;;;;
2.765;20014;1921;0.071563;0.284187;;;;;;;;;;;;;;;
2.778;20044;1951;0.07268;0.288625;;;;;;;;;;;;;;;
2.792;20049;1956;0.072867;0.289365;;;;;;;;;;;;;;;
2.805;19990;1897;0.070669;0.280637;;;;;;;;;;;;;;;
2.818;19750;1657;0.061728;0.245132;;;;;;;;;;;;;;;
2.832;20087;1994;0.074282;0.294987;;;;;;;;;;;;;;;
2.845;20018;1925;0.071712;0.284779;;;;;;;;;;;;;;;
2.858;20054;1961;0.073053;0.290105;;;;;;;;;;;;;;;
2.871;20113;2020;0.075251;0.298833;;;;;;;;;;;;;;;
2.885;20054;1961;0.073053;0.290105;;;;;;;;;;;;;;;
2.898;20045;1952;0.072718;0.288773;;;;;;;;;;;;;;;
2.911;20010;1917;0.071414;0.283595;;;;;;;;;;;;;;;
2.925;20091;1998;0.074431;0.295578;;;;;;;;;;;;;;;
2.938;20089;1996;0.074357;0.295282;;;;;;;;;;;;;;;
2.951;20135;2042;0.07607;0.302088;;;;;;;;;;;;;;;
2.965;19983;1890;0.070408;0.279601;;;;;;;;;;;;;;;
2.978;20044;1951;0.07268;0.288625;;;;;;;;;;;;;;;
2.991;20039;1946;0.072494;0.287886;;;;;;;;;;;;;;;
3.005;20001;1908;0.071079;0.282264;;;;;;;;;;;;;;;
3.018;19998;1905;0.070967;0.28182;;;;;;;;;;;;;;;
3.031;20067;1974;0.073537;0.292028;;;;;;;;;;;;;;;
3.045;20030;1937;0.072159;0.286554;;;;;;;;;;;;;;;
3.063;19962;1869;0.069626;0.276494;;;;;;;;;;;;;;;
3.081;19995;1902;0.070855;0.281376;;;;;;;;;;;;;;;
3.099;19999;1906;0.071004;0.281968;;;;;;;;;;;;;;;
3.118;19986;1893;0.07052;0.280045;;;;;;;;;;;;;;;
3.136;19960;1867;0.069551;0.276199;;;;;;;;;;;;;;;
3.154;20013;1920;0.071526;0.284039;;;;;;;;;;;;;;;
3.172;20038;1945;0.072457;0.287738;;;;;;;;;;;;;;;
3.191;20150;2057;0.076629;0.304307;;;;;;;;;;;;;;;
3.209;20033;1940;0.072271;0.286998;;;;;;;;;;;;;;;
3.227;20051;1958;0.072941;0.289661;;;;;;;;;;;;;;;
3.245;19976;1883;0.070147;0.278566;;;;;;;;;;;;;;;
3.263;19976;1883;0.070147;0.278566;;;;;;;;;;;;;;;
3.282;19947;1854;0.069067;0.274275;;;;;;;;;;;;;;;
3.3;19980;1887;0.070296;0.279157;;;;;;;;;;;;;;;
3.318;19978;1885;0.070222;0.278861;;;;;;;;;;;;;;;
3.336;20029;1936;0.072122;0.286406;;;;;;;;;;;;;;;
3.355;20043;1950;0.072643;0.288477;;;;;;;;;;;;;;;
3.373;20026;1933;0.07201;0.285962;;;;;;;;;;;;;;;
3.391;19981;1888;0.070333;0.279305;;;;;;;;;;;;;;;
3.409;19987;1894;0.070557;0.280193;;;;;;;;;;;;;;;
3.428;20086;1993;0.074245;0.294839;;;;;;;;;;;;;;;
3.446;20046;1953;0.072755;0.288921;;;;;;;;;;;;;;;
3.464;19981;1888;0.070333;0.279305;;;;;;;;;;;;;;;
3.482;20005;1912;0.071228;0.282856;;;;;;;;;;;;;;;
3.501;20032;1939;0.072233;0.28685;;;;;;;;;;;;;;;
3.519;20018;1925;0.071712;0.284779;;;;;;;;;;;;;;;
3.537;20083;1990;0.074133;0.294395;;;;;;;;;;;;;;;
3.555;20077;1984;0.07391;0.293507;;;;;;;;;;;;;;;
3.574;19999;1906;0.071004;0.281968;;;;;;;;;;;;;;;
3.592;19966;1873;0.069775;0.277086;;;;;;;;;;;;;;;
3.61;20195;2102;0.078306;0.310964;;;;;;;;;;;;;;;
3.628;20109;2016;0.075102;0.298241;;;;;;;;;;;;;;;
3.647;20030;1937;0.072159;0.286554;;;;;;;;;;;;;;;
3.665;19929;1836;0.068396;0.271613;;;;;;;;;;;;;;;
3.683;19993;1900;0.070781;0.281081;;;;;;;;;;;;;;;
3.702;19975;1882;0.07011;0.278418;;;;;;;;;;;;;;;
3.72;20015;1922;0.0716;0.284335;;;;;;;;;;;;;;;
3.738;20048;1955;0.072829;0.289217;;;;;;;;;;;;;;;
3.756;20096;2003;0.074618;0.296318;;;;;;;;;;;;;;;
3.775;20047;1954;0.072792;0.289069;;;;;;;;;;;;;;;
3.793;20030;1937;0.072159;0.286554;;;;;;;;;;;;;;;
3.811;19985;1892;0.070483;0.279897;;;;;;;;;;;;;;;
3.829;20040;1947;0.072531;0.288034;;;;;;;;;;;;;;;
3.848;20004;1911;0.07119;0.282708;;;;;;;;;;;;;;;
3.866;20055;1962;0.07309;0.290253;;;;;;;;;;;;;;;
3.884;20016;1923;0.071637;0.284483;;;;;;;;;;;;;;;
3.902;20018;1925;0.071712;0.284779;;;;;;;;;;;;;;;
3.92;19991;1898;0.070706;0.280785;;;;;;;;;;;;;;;
3.939;20065;1972;0.073463;0.291732;;;;;;;;;;;;;;;
3.957;20080;1987;0.074022;0.293951;;;;;;;;;;;;;;;
3.975;19992;1899;0.070743;0.280933;;;;;;;;;;;;;;;
3.993;19987;1894;0.070557;0.280193;;;;;;;;;;;;;;;
4.012;19955;1862;0.069365;0.275459;;;;;;;;;;;;;;;
4.03;20033;1940;0.072271;0.286998;;;;;;;;;;;;;;;
4.048;20010;1917;0.071414;0.283595;;;;;;;;;;;;;;;
4.066;20028;1935;0.072084;0.286258;;;;;;;;;;;;;;;
4.085;19973;1880;0.070035;0.278122;;;;;;;;;;;;;;;
4.103;19988;1895;0.070594;0.280341;;;;;;;;;;;;;;;
4.121;20041;1948;0.072569;0.288182;;;;;;;;;;;;;;;
4.139;20197;2104;0.07838;0.31126;;;;;;;;;;;;;;;
4.158;20139;2046;0.076219;0.302679;;;;;;;;;;;;;;;
4.176;20065;1972;0.073463;0.291732;;;;;;;;;;;;;;;
4.194;19953;1860;0.06929;0.275163;;;;;;;;;;;;;;;
4.212;19978;1885;0.070222;0.278861;;;;;;;;;;;;;;;
4.231;20003;1910;0.071153;0.28256;;;;;;;;;;;;;;;
4.249;19975;1882;0.07011;0.278418;;;;;;;;;;;;;;;
4.267;20049;1956;0.072867;0.289365;;;;;;;;;;;;;;;
4.285;20048;1955;0.072829;0.289217;;;;;;;;;;;;;;;
4.304;20008;1915;0.071339;0.2833;;;;;;;;;;;;;;;
4.322;20021;1928;0.071824;0.285223;;;;;;;;;;;;;;;
4.34;20170;2077;0.077374;0.307265;;;;;;;;;;;;;;;
4.358;20104;2011;0.074916;0.297502;;;;;;;;;;;;;;;
4.377;20081;1988;0.074059;0.294099;;;;;;;;;;;;;;;
4.395;20000;1907;0.071041;0.282116;;;;;;;;;;;;;;;
4.413;19996;1903;0.070892;0.281524;;;;;;;;;;;;;;;
4.431;20017;1924;0.071675;0.284631;;;;;;;;;;;;;;;
4.45;19989;1896;0.070632;0.280489;;;;;;;;;;;;;;;
4.468;20018;1925;0.071712;0.284779;;;;;;;;;;;;;;;
4.486;20065;1972;0.073463;0.291732;;;;;;;;;;;;;;;
4.504;20039;1946;0.072494;0.287886;;;;;;;;;;;;;;;
4.523;20006;1913;0.071265;0.283004;;;;;;;;;;;;;;;
4.541;19920;1827;0.068061;0.270281;;;;;;;;;;;;;;;
4.559;20089;1996;0.074357;0.295282;;;;;;;;;;;;;;;
4.577;20115;2022;0.075325;0.299129;;;;;;;;;;;;;;;
4.596;20012;1919;0.071488;0.283891;;;;;;;;;;;;;;;
4.614;19958;1865;0.069477;0.275903;;;;;;;;;;;;;;;
4.632;20017;1924;0.071675;0.284631;;;;;;;;;;;;;;;
4.65;20066;1973;0.0735;0.29188;;;;;;;;;;;;;;;
4.669;20034;1941;0.072308;0.287146;;;;;;;;;;;;;;;
4.687;20096;2003;0.074618;0.296318;;;;;;;;;;;;;;;
4.705;19980;1887;0.070296;0.279157;;;;;;;;;;;;;;;
4.723;20044;1951;0.07268;0.288625;;;;;;;;;;;;;;;
4.742;19946;1853;0.06903;0.274127;;;;;;;;;;;;;;;
4.76;20048;1955;0.072829;0.289217;;;;;;;;;;;;;;;
4.778;20075;1982;0.073835;0.293211;;;;;;;;;;;;;;;
4.796;19956;1863;0.069402;0.275607;;;;;;;;;;;;;;;
4.815;19944;1851;0.068955;0.273832;;;;;;;;;;;;;;;
4.833;20023;1930;0.071898;0.285519;;;;;;;;;;;;;;;
4.851;20030;1937;0.072159;0.286554;;;;;;;;;;;;;;;
4.869;19975;1882;0.07011;0.278418;;;;;;;;;;;;;;;
4.888;20075;1982;0.073835;0.293211;;;;;;;;;;;;;;;
4.906;20107;2014;0.075027;0.297945;;;;;;;;;;;;;;;
4.924;20058;1965;0.073202;0.290696;;;;;;;;;;;;;;;
4.942;19944;1851;0.068955;0.273832;;;;;;;;;;;;;;;
4.961;19952;1859;0.069253;0.275015;;;;;;;;;;;;;;;
4.979;20113;2020;0.075251;0.298833;;;;;;;;;;;;;;;
4.997;20006;1913;0.071265;0.283004;;;;;;;;;;;;;;;
5.015;19967;1874;0.069812;0.277234;;;;;;;;;;;;;;;
5.034;19936;1843;0.068657;0.272648;;;;;;;;;;;;;;;
5.052;19941;1848;0.068843;0.273388;;;;;;;;;;;;;;;
5.07;19992;1899;0.070743;0.280933;;;;;;;;;;;;;;;
5.088;20054;1961;0.073053;0.290105;;;;;;;;;;;;;;;
5.106;20108;2015;0.075065;0.298093;;;;;;;;;;;;;;;
5.125;19977;1884;0.070184;0.278714;;;;;;;;;;;;;;;
5.143;20002;1909;0.071116;0.282412;;;;;;;;;;;;;;;
5.161;19962;1869;0.069626;0.276494;;;;;;;;;;;;;;;
5.179;19979;1886;0.070259;0.279009;;;;;;;;;;;;;;;
5.198;19996;1903;0.070892;0.281524;;;;;;;;;;;;;;;
5.216;20029;1936;0.072122;0.286406;;;;;;;;;;;;;;;
5.234;20007;1914;0.071302;0.283152;;;;;;;;;;;;;;;
5.252;20069;1976;0.073612;0.292324;;;;;;;;;;;;;;;
5.271;20031;1938;0.072196;0.286702;;;;;;;;;;;;;;;
5.289;20111;2018;0.075176;0.298537;;;;;;;;;;;;;;;
5.307;20082;1989;0.074096;0.294247;;;;;;;;;;;;;;;
5.325;20074;1981;0.073798;0.293063;;;;;;;;;;;;;;;
5.344;19929;1836;0.068396;0.271613;;;;;;;;;;;;;;;
5.362;19984;1891;0.070445;0.279749;;;;;;;;;;;;;;;
5.38;20017;1924;0.071675;0.284631;;;;;;;;;;;;;;;
5.398;20062;1969;0.073351;0.291288;;;;;;;;;;;;;;;
5.417;20030;1937;0.072159;0.286554;;;;;;;;;;;;;;;
5.435;19998;1905;0.070967;0.28182;;;;;;;;;;;;;;;
5.453;20012;1919;0.071488;0.283891;;;;;;;;;;;;;;;
5.471;20033;1940;0.072271;0.286998;;;;;;;;;;;;;;;
5.49;19977;1884;0.070184;0.278714;;;;;;;;;;;;;;;
5.508;20082;1989;0.074096;0.294247;;;;;;;;;;;;;;;
5.526;20048;1955;0.072829;0.289217;;;;;;;;;;;;;;;
5.545;20017;1924;0.071675;0.284631;;;;;;;;;;;;;;;
5.563;19992;1899;0.070743;0.280933;;;;;;;;;;;;;;;
5.581;20036;1943;0.072382;0.287442;;;;;;;;;;;;;;;
5.599;19981;1888;0.070333;0.279305;;;;;;;;;;;;;;;
5.616;19969;1876;0.069886;0.27753;;;;;;;;;;;;;;;
5.634;19954;1861;0.069328;0.275311;;;;;;;;;;;;;;;
5.651;20024;1931;0.071935;0.285667;;;;;;;;;;;;;;;
5.668;20022;1929;0.071861;0.285371;;;;;;;;;;;;;;;
5.686;20029;1936;0.072122;0.286406;;;;;;;;;;;;;;;
5.704;20052;1959;0.072978;0.289809;;;;;;;;;;;;;;;
5.723;20002;1909;0.071116;0.282412;;;;;;;;;;;;;;;
5.741;19890;1797;0.066943;0.265843;;;;;;;;;;;;;;;
5.759;20110;2017;0.075139;0.298389;;;;;;;;;;;;;;;
5.777;20062;1969;0.073351;0.291288;;;;;;;;;;;;;;;
5.796;20013;1920;0.071526;0.284039;;;;;;;;;;;;;;;
5.814;19969;1876;0.069886;0.27753;;;;;;;;;;;;;;;
5.832;19961;1868;0.069588;0.276347;;;;;;;;;;;;;;;
5.85;20035;1942;0.072345;0.287294;;;;;;;;;;;;;;;
5.869;20000;1907;0.071041;0.282116;;;;;;;;;;;;;;;
5.887;20001;1908;0.071079;0.282264;;;;;;;;;;;;;;;
5.905;20022;1929;0.071861;0.285371;;;;;;;;;;;;;;;
5.923;20015;1922;0.0716;0.284335;;;;;;;;;;;;;;;
5.942;20028;1935;0.072084;0.286258;;;;;;;;;;;;;;;
5.96;19988;1895;0.070594;0.280341;;;;;;;;;;;;;;;
5.978;20152;2059;0.076704;0.304603;;;;;;;;;;;;;;;
5.996;20045;1952;0.072718;0.288773;;;;;;;;;;;;;;;
6.014;20035;1942;0.072345;0.287294;;;;;;;;;;;;;;;
6.033;20043;1950;0.072643;0.288477;;;;;;;;;;;;;;;
6.051;20104;2011;0.074916;0.297502;;;;;;;;;;;;;;;
6.069;20178;2085;0.077672;0.308449;;;;;;;;;;;;;;;
6.087;19549;1456;0.05424;0.215396;;;;;;;;;;;;;;;
6.106;19418;1325;0.04936;0.196017;;;;;;;;;;;;;;;
6.124;18127;34;0.001267;0.00503;;;;;;;;;;;;;;;
6.142;17979;-114;-0.004247;-0.016865;;;;;;;;;;;;;;;
6.16;17999;-94;-0.003502;-0.013906;;;;;;;;;;;;;;;
6.179;18088;-5;-0.000186;-0.00074;;;;;;;;;;;;;;;
6.197;18031;-62;-0.00231;-0.009172;;;;;;;;;;;;;;;
6.215;17994;-99;-0.003688;-0.014646;;;;;;;;;;;;;;;
6.233;17950;-143;-0.005327;-0.021155;;;;;;;;;;;;;;;
6.252;18054;-39;-0.001453;-0.00577;;;;;;;;;;;;;;;
6.27;18022;-71;-0.002645;-0.010504;;;;;;;;;;;;;;;
6.288;18011;-82;-0.003055;-0.012131;;;;;;;;;;;;;;;
6.306;18090;-3;-0.000112;-0.000444;;;;;;;;;;;;;;;
6.325;17990;-103;-0.003837;-0.015238;;;;;;;;;;;;;;;
6.343;17884;-209;-0.007786;-0.030919;;;;;;;;;;;;;;;
6.361;17959;-134;-0.004992;-0.019824;;;;;;;;;;;;;;;
6.379;17991;-102;-0.0038;-0.01509;;;;;;;;;;;;;;;
6.398;17934;-159;-0.005923;-0.023522;;;;;;;;;;;;;;;
6.416;18033;-60;-0.002235;-0.008876;;;;;;;;;;;;;;;
6.434;18003;-90;-0.003353;-0.013314;;;;;;;;;;;;;;;
6.452;18005;-88;-0.003278;-0.013018;;;;;;;;;;;;;;;
6.471;18044;-49;-0.001825;-0.007249;;;;;;;;;;;;;;;
6.489;18090;-3;-0.000112;-0.000444;;;;;;;;;;;;;;;
6.507;18102;9;0.000335;0.001331;;;;;;;;;;;;;;;
6.525;18075;-18;-0.000671;-0.002663;;;;;;;;;;;;;;;
6.544;17969;-124;-0.004619;-0.018344;;;;;;;;;;;;;;;
6.562;17952;-141;-0.005253;-0.020859;;;;;;;;;;;;;;;
6.58;17982;-111;-0.004135;-0.016421;;;;;;;;;;;;;;;
6.598;18043;-50;-0.001863;-0.007397;;;;;;;;;;;;;;;
6.617;18003;-90;-0.003353;-0.013314;;;;;;;;;;;;;;;
6.635;18001;-92;-0.003427;-0.01361;;;;;;;;;;;;;;;
6.653;18032;-61;-0.002272;-0.009024;;;;;;;;;;;;;;;
6.671;17975;-118;-0.004396;-0.017457;;;;;;;;;;;;;;;
6.69;17971;-122;-0.004545;-0.018048;;;;;;;;;;;;;;;
6.708;18105;12;0.000447;0.001775;;;;;;;;;;;;;;;
6.726;18067;-26;-0.000969;-0.003846;;;;;;;;;;;;;;;
6.744;17914;-179;-0.006668;-0.026481;;;;;;;;;;;;;;;
6.763;18001;-92;-0.003427;-0.01361;;;;;;;;;;;;;;;
6.781;18013;-80;-0.00298;-0.011835;;;;;;;;;;;;;;;
6.799;18101;8;0.000298;0.001183;;;;;;;;;;;;;;;
6.817;17992;-101;-0.003763;-0.014942;;;;;;;;;;;;;;;
6.836;18013;-80;-0.00298;-0.011835;;;;;;;;;;;;;;;
6.854;18048;-45;-0.001676;-0.006657;;;;;;;;;;;;;;;
6.872;18065;-28;-0.001043;-0.004142;;;;;;;;;;;;;;;
6.89;17971;-122;-0.004545;-0.018048;;;;;;;;;;;;;;;
6.909;18124;31;0.001155;0.004586;;;;;;;;;;;;;;;
6.927;18061;-32;-0.001192;-0.004734;;;;;;;;;;;;;;;
6.945;17897;-196;-0.007302;-0.028996;;;;;;;;;;;;;;;
6.963;18013;-80;-0.00298;-0.011835;;;;;;;;;;;;;;;
6.982;18006;-87;-0.003241;-0.012871;;;;;;;;;;;;;;;
7;18017;-76;-0.002831;-0.011243;;;;;;;;;;;;;;;
7.018;18036;-57;-0.002123;-0.008432;;;;;;;;;;;;;;;
7.036;18071;-22;-0.00082;-0.003255;;;;;;;;;;;;;;;
7.055;18076;-17;-0.000633;-0.002515;;;;;;;;;;;;;;;
7.073;18032;-61;-0.002272;-0.009024;;;;;;;;;;;;;;;
7.091;17922;-171;-0.00637;-0.025297;;;;;;;;;;;;;;;
7.11;17960;-133;-0.004955;-0.019676;;;;;;;;;;;;;;;
7.128;18091;-2;-0.000075;-0.000296;;;;;;;;;;;;;;;
7.146;18046;-47;-0.001751;-0.006953;;;;;;;;;;;;;;;
7.164;17926;-167;-0.006221;-0.024705;;;;;;;;;;;;;;;
7.183;17997;-96;-0.003576;-0.014202;;;;;;;;;;;;;;;
7.201;18072;-21;-0.000782;-0.003107;;;;;;;;;;;;;;;
7.219;17999;-94;-0.003502;-0.013906;;;;;;;;;;;;;;;
7.237;18026;-67;-0.002496;-0.009912;;;;;;;;;;;;;;;
7.256;18121;28;0.001043;0.004142;;;;;;;;;;;;;;;
7.274;17977;-116;-0.004321;-0.017161;;;;;;;;;;;;;;;
7.292;18016;-77;-0.002868;-0.011391;;;;;;;;;;;;;;;
7.31;17994;-99;-0.003688;-0.014646;;;;;;;;;;;;;;;
7.329;18113;20;0.000745;0.002959;;;;;;;;;;;;;;;
7.347;18001;-92;-0.003427;-0.01361;;;;;;;;;;;;;;;
7.365;17995;-98;-0.003651;-0.014498;;;;;;;;;;;;;;;
7.383;17966;-127;-0.004731;-0.018788;;;;;;;;;;;;;;;
7.402;18052;-41;-0.001527;-0.006065;;;;;;;;;;;;;;;
7.42;18040;-53;-0.001974;-0.007841;;;;;;;;;;;;;;;
7.438;18087;-6;-0.000224;-0.000888;;;;;;;;;;;;;;;
7.456;18078;-15;-0.000559;-0.002219;;;;;;;;;;;;;;;
7.475;18009;-84;-0.003129;-0.012427;;;;;;;;;;;;;;;
7.493;17967;-126;-0.004694;-0.01864;;;;;;;;;;;;;;;
7.511;17923;-170;-0.006333;-0.025149;;;;;;;;;;;;;;;
7.53;17937;-156;-0.005811;-0.023078;;;;;;;;;;;;;;;
7.548;18003;-90;-0.003353;-0.013314;;;;;;;;;;;;;;;
7.566;18079;-14;-0.000522;-0.002071;;;;;;;;;;;;;;;
7.584;17969;-124;-0.004619;-0.018344;;;;;;;;;;;;;;;
7.603;18054;-39;-0.001453;-0.00577;;;;;;;;;;;;;;;
7.621;18008;-85;-0.003166;-0.012575;;;;;;;;;;;;;;;
7.639;17941;-152;-0.005662;-0.022486;;;;;;;;;;;;;;;
7.657;18164;71;0.002645;0.010504;;;;;;;;;;;;;;;
7.676;18098;5;0.000186;0.00074;;;;;;;;;;;;;;;
7.694;17961;-132;-0.004917;-0.019528;;;;;;;;;;;;;;;
7.712;18019;-74;-0.002757;-0.010947;;;;;;;;;;;;;;;
7.73;18012;-81;-0.003017;-0.011983;;;;;;;;;;;;;;;
7.749;18013;-80;-0.00298;-0.011835;;;;;;;;;;;;;;;
7.767;18005;-88;-0.003278;-0.013018;;;;;;;;;;;;;;;
7.785;18008;-85;-0.003166;-0.012575;;;;;;;;;;;;;;;
7.803;18011;-82;-0.003055;-0.012131;;;;;;;;;;;;;;;
7.822;18037;-56;-0.002086;-0.008284;;;;;;;;;;;;;;;
7.84;17984;-109;-0.004061;-0.016125;;;;;;;;;;;;;;;
7.858;18139;46;0.001714;0.006805;;;;;;;;;;;;;;;
7.876;18035;-58;-0.002161;-0.00858;;;;;;;;;;;;;;;
7.895;17946;-147;-0.005476;-0.021747;;;;;;;;;;;;;;;
7.913;17947;-146;-0.005439;-0.021599;;;;;;;;;;;;;;;
7.931;17998;-95;-0.003539;-0.014054;;;;;;;;;;;;;;;
7.949;18091;-2;-0.000075;-0.000296;;;;;;;;;;;;;;;
7.968;18029;-64;-0.002384;-0.009468;;;;;;;;;;;;;;;
7.986;18128;35;0.001304;0.005178;;;;;;;;;;;;;;;
8.004;18095;2;0.000075;0.000296;;;;;;;;;;;;;;;
8.022;17961;-132;-0.004917;-0.019528;;;;;;;;;;;;;;;
8.041;18010;-83;-0.003092;-0.012279;;;;;;;;;;;;;;;
8.059;17968;-125;-0.004657;-0.018492;;;;;;;;;;;;;;;
8.077;18075;-18;-0.000671;-0.002663;;;;;;;;;;;;;;;
8.095;18040;-53;-0.001974;-0.007841;;;;;;;;;;;;;;;
8.114;18001;-92;-0.003427;-0.01361;;;;;;;;;;;;;;;
8.132;18051;-42;-0.001565;-0.006213;;;;;;;;;;;;;;;
8.15;18088;-5;-0.000186;-0.00074;;;;;;;;;;;;;;;
8.168;18027;-66;-0.002459;-0.009764;;;;;;;;;;;;;;;
8.187;18019;-74;-0.002757;-0.010947;;;;;;;;;;;;;;;
8.205;18044;-49;-0.001825;-0.007249;;;;;;;;;;;;;;;
8.223;18003;-90;-0.003353;-0.013314;;;;;;;;;;;;;;;
8.241;17988;-105;-0.003912;-0.015533;;;;;;;;;;;;;;;
8.26;18022;-71;-0.002645;-0.010504;;;;;;;;;;;;;;;
8.278;18096;3;0.000112;0.000444;;;;;;;;;;;;;;;
8.296;18003;-90;-0.003353;-0.013314;;;;;;;;;;;;;;;
8.314;17958;-135;-0.005029;-0.019972;;;;;;;;;;;;;;;
8.333;18007;-86;-0.003204;-0.012723;;;;;;;;;;;;;;;
8.351;18095;2;0.000075;0.000296;;;;;;;;;;;;;;;
8.369;18012;-81;-0.003017;-0.011983;;;;;;;;;;;;;;;
8.387;18115;22;0.00082;0.003255;;;;;;;;;;;;;;;
8.406;18119;26;0.000969;0.003846;;;;;;;;;;;;;;;
8.424;18044;-49;-0.001825;-0.007249;;;;;;;;;;;;;;;
8.442;17965;-128;-0.004768;-0.018936;;;;;;;;;;;;;;;
8.46;17967;-126;-0.004694;-0.01864;;;;;;;;;;;;;;;
8.479;18004;-89;-0.003316;-0.013166;;;;;;;;;;;;;;;
8.497;18072;-21;-0.000782;-0.003107;;;;;;;;;;;;;;;
8.515;18052;-41;-0.001527;-0.006065;;;;;;;;;;;;;;;
8.533;17971;-122;-0.004545;-0.018048;;;;;;;;;;;;;;;
8.552;18015;-78;-0.002906;-0.011539;;;;;;;;;;;;;;;
8.57;17970;-123;-0.004582;-0.018196;;;;;;;;;;;;;;;
8.588;18128;35;0.001304;0.005178;;;;;;;;;;;;;;;
8.606;18083;-10;-0.000373;-0.001479;;;;;;;;;;;;;;;
8.625;18005;-88;-0.003278;-0.013018;;;;;;;;;;;;;;;
8.643;17946;-147;-0.005476;-0.021747;;;;;;;;;;;;;;;
8.661;18015;-78;-0.002906;-0.011539;;;;;;;;;;;;;;;
8.679;17964;-129;-0.004806;-0.019084;;;;;;;;;;;;;;;
8.698;18026;-67;-0.002496;-0.009912;;;;;;;;;;;;;;;
8.716;18098;5;0.000186;0.00074;;;;;;;;;;;;;;;
8.734;18005;-88;-0.003278;-0.013018;;;;;;;;;;;;;;;
8.752;18021;-72;-0.002682;-0.010651;;;;;;;;;;;;;;;
8.771;17954;-139;-0.005178;-0.020563;;;;;;;;;;;;;;;
8.789;18175;82;0.003055;0.012131;;;;;;;;;;;;;;;
8.807;18095;2;0.000075;0.000296;;;;;;;;;;;;;;;
8.825;18047;-46;-0.001714;-0.006805;;;;;;;;;;;;;;;
8.844;17972;-121;-0.004508;-0.0179;;;;;;;;;;;;;;;
8.862;17961;-132;-0.004917;-0.019528;;;;;;;;;;;;;;;
8.88;18015;-78;-0.002906;-0.011539;;;;;;;;;;;;;;;
8.899;18062;-31;-0.001155;-0.004586;;;;;;;;;;;;;;;
8.917;18051;-42;-0.001565;-0.006213;;;;;;;;;;;;;;;
8.935;18056;-37;-0.001378;-0.005474;;;;;;;;;;;;;;;
8.953;18026;-67;-0.002496;-0.009912;;;;;;;;;;;;;;;
8.972;17928;-165;-0.006147;-0.02441;;;;;;;;;;;;;;;
8.99;17978;-115;-0.004284;-0.017013;;;;;;;;;;;;;;;
9.008;18060;-33;-0.001229;-0.004882;;;;;;;;;;;;;;;
9.026;18009;-84;-0.003129;-0.012427;;;;;;;;;;;;;;;
9.044;17952;-141;-0.005253;-0.020859;;;;;;;;;;;;;;;
9.063;17969;-124;-0.004619;-0.018344;;;;;;;;;;;;;;;
9.081;17955;-138;-0.005141;-0.020415;;;;;;;;;;;;;;;
9.099;18059;-34;-0.001267;-0.00503;;;;;;;;;;;;;;;
9.117;18043;-50;-0.001863;-0.007397;;;;;;;;;;;;;;;
9.136;18138;45;0.001676;0.006657;;;;;;;;;;;;;;;
9.154;18047;-46;-0.001714;-0.006805;;;;;;;;;;;;;;;
9.172;17986;-107;-0.003986;-0.015829;;;;;;;;;;;;;;;
9.19;17944;-149;-0.005551;-0.022043;;;;;;;;;;;;;;;
9.209;18077;-16;-0.000596;-0.002367;;;;;;;;;;;;;;;
9.227;18033;-60;-0.002235;-0.008876;;;;;;;;;;;;;;;
9.245;18021;-72;-0.002682;-0.010651;;;;;;;;;;;;;;;
9.263;17971;-122;-0.004545;-0.018048;;;;;;;;;;;;;;;
9.282;17961;-132;-0.004917;-0.019528;;;;;;;;;;;;;;;
9.3;18038;-55;-0.002049;-0.008137;;;;;;;;;;;;;;;
9.318;18040;-53;-0.001974;-0.007841;;;;;;;;;;;;;;;
9.336;18036;-57;-0.002123;-0.008432;;;;;;;;;;;;;;;
9.355;18055;-38;-0.001416;-0.005622;;;;;;;;;;;;;;;
9.373;17961;-132;-0.004917;-0.019528;;;;;;;;;;;;;;;
9.391;17983;-110;-0.004098;-0.016273;;;;;;;;;;;;;;;
9.41;17999;-94;-0.003502;-0.013906;;;;;;;;;;;;;;;
9.428;18051;-42;-0.001565;-0.006213;;;;;;;;;;;;;;;
9.446;18091;-2;-0.000075;-0.000296;;;;;;;;;;;;;;;
9.464;17957;-136;-0.005066;-0.020119;;;;;;;;;;;;;;;
9.483;18021;-72;-0.002682;-0.010651;;;;;;;;;;;;;;;
9.501;18029;-64;-0.002384;-0.009468;;;;;;;;;;;;;;;
9.519;18019;-74;-0.002757;-0.010947;;;;;;;;;;;;;;;
9.537;18092;-1;-0.000037;-0.000148;;;;;;;;;;;;;;;
9.556;18058;-35;-0.001304;-0.005178;;;;;;;;;;;;;;;
9.574;17981;-112;-0.004172;-0.016569;;;;;;;;;;;;;;;
9.592;17989;-104;-0.003874;-0.015385;;;;;;;;;;;;;;;
9.61;17971;-122;-0.004545;-0.018048;;;;;;;;;;;;;;;
9.629;17946;-147;-0.005476;-0.021747;;;;;;;;;;;;;;;
9.647;18042;-51;-0.0019;-0.007545;;;;;;;;;;;;;;;
9.665;18078;-15;-0.000559;-0.002219;;;;;;;;;;;;;;;
9.683;17990;-103;-0.003837;-0.015238;;;;;;;;;;;;;;;
9.702;18044;-49;-0.001825;-0.007249;;;;;;;;;;;;;;;
9.72;17897;-196;-0.007302;-0.028996;;;;;;;;;;;;;;;
9.738;18064;-29;-0.00108;-0.00429;;;;;;;;;;;;;;;
9.756;18097;4;0.000149;0.000592;;;;;;;;;;;;;;;
9.775;17971;-122;-0.004545;-0.018048;;;;;;;;;;;;;;;
9.793;17967;-126;-0.004694;-0.01864;;;;;;;;;;;;;;;
9.811;18050;-43;-0.001602;-0.006361;;;;;;;;;;;;;;;
9.829;17992;-101;-0.003763;-0.014942;;;;;;;;;;;;;;;
9.848;18025;-68;-0.002533;-0.01006;;;;;;;;;;;;;;;
9.866;18058;-35;-0.001304;-0.005178;;;;;;;;;;;;;;;
9.884;18019;-74;-0.002757;-0.010947;;;;;;;;;;;;;;;
9.902;18015;-78;-0.002906;-0.011539;;;;;;;;;;;;;;;
9.921;17991;-102;-0.0038;-0.01509;;;;;;;;;;;;;;;
9.939;17972;-121;-0.004508;-0.0179;;;;;;;;;;;;;;;
9.957;18103;10;0.000373;0.001479;;;;;;;;;;;;;;;
9.975;17998;-95;-0.003539;-0.014054;;;;;;;;;;;;;;;
9.994;17982;-111;-0.004135;-0.016421;;;;;;;;;;;;;;;
10.012;18047;-46;-0.001714;-0.006805;;;;;;;;;;;;;;;
10.03;17994;-99;-0.003688;-0.014646;;;;;;;;;;;;;;;
10.048;17991;-102;-0.0038;-0.01509;;;;;;;;;;;;;;;
10.067;18100;7;0.000261;0.001036;;;;;;;;;;;;;;;
10.085;18118;25;0.000931;0.003698;;;;;;;;;;;;;;;
10.103;18013;-80;-0.00298;-0.011835;;;;;;;;;;;;;;;
10.121;17970;-123;-0.004582;-0.018196;;;;;;;;;;;;;;;
10.14;18015;-78;-0.002906;-0.011539;;;;;;;;;;;;;;;
10.158;18087;-6;-0.000224;-0.000888;;;;;;;;;;;;;;;
10.176;18039;-54;-0.002012;-0.007989;;;;;;;;;;;;;;;
10.194;17946;-147;-0.005476;-0.021747;;;;;;;;;;;;;;;
10.213;17970;-123;-0.004582;-0.018196;;;;;;;;;;;;;;;
10.231;18062;-31;-0.001155;-0.004586;;;;;;;;;;;;;;;
10.249;17994;-99;-0.003688;-0.014646;;;;;;;;;;;;;;;
10.267;18091;-2;-0.000075;-0.000296;;;;;;;;;;;;;;;
10.286;18049;-44;-0.001639;-0.006509;;;;;;;;;;;;;;;
10.304;18002;-91;-0.00339;-0.013462;;;;;;;;;;;;;;;
10.322;17923;-170;-0.006333;-0.025149;;;;;;;;;;;;;;;
10.34;18006;-87;-0.003241;-0.012871;;;;;;;;;;;;;;;
10.359;18107;14;0.000522;0.002071;;;;;;;;;;;;;;;
10.377;18046;-47;-0.001751;-0.006953;;;;;;;;;;;;;;;
10.395;18022;-71;-0.002645;-0.010504;;;;;;;;;;;;;;;
10.413;17993;-100;-0.003725;-0.014794;;;;;;;;;;;;;;;
10.432;18066;-27;-0.001006;-0.003994;;;;;;;;;;;;;;;
10.45;18045;-48;-0.001788;-0.007101;;;;;;;;;;;;;;;
10.468;18078;-15;-0.000559;-0.002219;;;;;;;;;;;;;;;
10.486;18110;17;0.000633;0.002515;;;;;;;;;;;;;;;
10.505;18063;-30;-0.001118;-0.004438;;;;;;;;;;;;;;;
10.523;18002;-91;-0.00339;-0.013462;;;;;;;;;;;;;;;
10.541;17937;-156;-0.005811;-0.023078;;;;;;;;;;;;;;;
10.559;18034;-59;-0.002198;-0.008728;;;;;;;;;;;;;;;
10.578;17993;-100;-0.003725;-0.014794;;;;;;;;;;;;;;;
10.596;18038;-55;-0.002049;-0.008137;;;;;;;;;;;;;;;
10.614;18028;-65;-0.002421;-0.009616;;;;;;;;;;;;;;;
10.632;18041;-52;-0.001937;-0.007693;;;;;;;;;;;;;;;
10.65;17968;-125;-0.004657;-0.018492;;;;;;;;;;;;;;;
10.669;17987;-106;-0.003949;-0.015681;;;;;;;;;;;;;;;
10.687;18068;-25;-0.000931;-0.003698;;;;;;;;;;;;;;;
10.705;18143;50;0.001863;0.007397;;;;;;;;;;;;;;;
10.723;18022;-71;-0.002645;-0.010504;;;;;;;;;;;;;;;
10.742;17970;-123;-0.004582;-0.018196;;;;;;;;;;;;;;;
10.76;18020;-73;-0.002719;-0.010799;;;;;;;;;;;;;;;
10.778;18094;1;0.000037;0.000148;;;;;;;;;;;;;;;
10.796;18082;-11;-0.00041;-0.001627;;;;;;;;;;;;;;;
10.815;17968;-125;-0.004657;-0.018492;;;;;;;;;;;;;;;
10.833;18045;-48;-0.001788;-0.007101;;;;;;;;;;;;;;;
10.851;18041;-52;-0.001937;-0.007693;;;;;;;;;;;;;;;
10.869;17970;-123;-0.004582;-0.018196;;;;;;;;;;;;;;;
10.888;18115;22;0.00082;0.003255;;;;;;;;;;;;;;;
10.906;18089;-4;-0.000149;-0.000592;;;;;;;;;;;;;;;
10.924;17998;-95;-0.003539;-0.014054;;;;;;;;;;;;;;;
10.942;17954;-139;-0.005178;-0.020563;;;;;;;;;;;;;;;
10.961;18046;-47;-0.001751;-0.006953;;;;;;;;;;;;;;;
10.979;18095;2;0.000075;0.000296;;;;;;;;;;;;;;;
10.997;18036;-57;-0.002123;-0.008432;;;;;;;;;;;;;;;
11.015;18133;40;0.00149;0.005917;;;;;;;;;;;;;;;
11.034;18039;-54;-0.002012;-0.007989;;;;;;;;;;;;;;;
11.052;18019;-74;-0.002757;-0.010947;;;;;;;;;;;;;;;
11.07;18038;-55;-0.002049;-0.008137;;;;;;;;;;;;;;;
11.088;18091;-2;-0.000075;-0.000296;;;;;;;;;;;;;;;
11.107;18078;-15;-0.000559;-0.002219;;;;;;;;;;;;;;;
11.125;17982;-111;-0.004135;-0.016421;;;;;;;;;;;;;;;
11.143;18019;-74;-0.002757;-0.010947;;;;;;;;;;;;;;;
11.162;18098;5;0.000186;0.00074;;;;;;;;;;;;;;;
11.18;18022;-71;-0.002645;-0.010504;;;;;;;;;;;;;;;
11.198;17979;-114;-0.004247;-0.016865;;;;;;;;;;;;;;;
11.216;18111;18;0.000671;0.002663;;;;;;;;;;;;;;;
11.235;18129;36;0.001341;0.005326;;;;;;;;;;;;;;;
11.253;18048;-45;-0.001676;-0.006657;;;;;;;;;;;;;;;
11.271;17941;-152;-0.005662;-0.022486;;;;;;;;;;;;;;;
11.289;17956;-137;-0.005104;-0.020267;;;;;;;;;;;;;;;
11.308;18107;14;0.000522;0.002071;;;;;;;;;;;;;;;
11.326;18089;-4;-0.000149;-0.000592;;;;;;;;;;;;;;;
11.344;17914;-179;-0.006668;-0.026481;;;;;;;;;;;;;;;
11.362;18040;-53;-0.001974;-0.007841;;;;;;;;;;;;;;;
11.381;18064;-29;-0.00108;-0.00429;;;;;;;;;;;;;;;
11.399;18080;-13;-0.000484;-0.001923;;;;;;;;;;;;;;;
11.417;18617;524;0.019521;0.077519;;;;;;;;;;;;;;;
11.435;18777;684;0.025481;0.101189;;;;;;;;;;;;;;;
11.454;18616;523;0.019483;0.077371;;;;;;;;;;;;;;;
11.472;18770;677;0.02522;0.100153;;;;;;;;;;;;;;;
11.49;18947;854;0.031814;0.126338;;;;;;;;;;;;;;;
11.508;19280;1187;0.044219;0.175601;;;;;;;;;;;;;;;
11.527;19726;1633;0.060834;0.241581;;;;;;;;;;;;;;;
11.545;20406;2313;0.086166;0.342179;;;;;;;;;;;;;;;
11.564;21041;2948;0.109822;0.436119;;;;;;;;;;;;;;;
11.582;21759;3666;0.136569;0.542337;;;;;;;;;;;;;;;
11.6;23045;4952;0.184476;0.732585;;;;;;;;;;;;;;;
11.619;23713;5620;0.209361;0.831407;;;;;;;;;;;;;;;
11.637;24391;6298;0.234619;0.931708;;;;;;;;;;;;;;;
11.654;24707;6614;0.246391;0.978456;;;;;;;;;;;;;;;
11.672;24944;6851;0.25522;1.013517;;;;;;;;;;;;;;;
11.689;25339;7246;0.269935;1.071952;;;;;;;;;;;;;;;
11.706;26123;8030;0.299141;1.187935;;;;;;;;;;;;;;;
11.724;26979;8886;0.331029;1.314569;;;;;;;;;;;;;;;
11.742;27341;9248;0.344515;1.368122;;;;;;;;;;;;;;;
11.76;27386;9293;0.346191;1.37478;;;;;;;;;;;;;;;
11.778;27255;9162;0.341311;1.3554;;;;;;;;;;;;;;;
11.796;27365;9272;0.345409;1.371673;;;;;;;;;;;;;;;
11.815;28122;10029;0.373609;1.483661;;;;;;;;;;;;;;;
11.833;28270;10177;0.379123;1.505556;;;;;;;;;;;;;;;
11.851;28303;10210;0.380352;1.510438;;;;;;;;;;;;;;;
11.869;28190;10097;0.376143;1.493721;;;;;;;;;;;;;;;
11.888;28245;10152;0.378192;1.501858;;;;;;;;;;;;;;;
11.906;28162;10069;0.3751;1.489579;;;;;;;;;;;;;;;
11.924;28282;10189;0.37957;1.507331;;;;;;;;;;;;;;;
11.942;28317;10224;0.380874;1.512509;;;;;;;;;;;;;;;
11.96;28615;10522;0.391975;1.556594;;;;;;;;;;;;;;;
11.979;28511;10418;0.388101;1.541209;;;;;;;;;;;;;;;
11.997;28516;10423;0.388287;1.541949;;;;;;;;;;;;;;;
12.015;28560;10467;0.389926;1.548458;;;;;;;;;;;;;;;
12.033;28600;10507;0.391416;1.554375;;;;;;;;;;;;;;;
12.052;28667;10574;0.393912;1.564287;;;;;;;;;;;;;;;
12.07;28550;10457;0.389554;1.546978;;;;;;;;;;;;;;;
12.088;28777;10684;0.39801;1.58056;;;;;;;;;;;;;;;
12.106;28702;10609;0.395216;1.569465;;;;;;;;;;;;;;;
12.125;28534;10441;0.388958;1.544611;;;;;;;;;;;;;;;
12.143;28502;10409;0.387766;1.539877;;;;;;;;;;;;;;;
12.161;28647;10554;0.393167;1.561328;;;;;;;;;;;;;;;
12.179;28418;10325;0.384636;1.527451;;;;;;;;;;;;;;;
12.198;28575;10482;0.390485;1.550677;;;;;;;;;;;;;;;
12.216;28634;10541;0.392683;1.559405;;;;;;;;;;;;;;;
12.234;28515;10422;0.38825;1.541801;;;;;;;;;;;;;;;
12.252;28598;10505;0.391342;1.554079;;;;;;;;;;;;;;;
12.271;28567;10474;0.390187;1.549493;;;;;;;;;;;;;;;
12.289;28833;10740;0.400096;1.588845;;;;;;;;;;;;;;;
12.307;28721;10628;0.395924;1.572276;;;;;;;;;;;;;;;
12.326;28545;10452;0.389367;1.546239;;;;;;;;;;;;;;;
12.344;28494;10401;0.387467;1.538694;;;;;;;;;;;;;;;
12.362;28650;10557;0.393279;1.561772;;;;;;;;;;;;;;;
12.38;28670;10577;0.394024;1.564731;;;;;;;;;;;;;;;
12.399;28633;10540;0.392646;1.559257;;;;;;;;;;;;;;;
12.417;28795;10702;0.398681;1.583223;;;;;;;;;;;;;;;
12.435;28698;10605;0.395067;1.568873;;;;;;;;;;;;;;;
12.453;28542;10449;0.389256;1.545795;;;;;;;;;;;;;;;
12.472;28599;10506;0.391379;1.554227;;;;;;;;;;;;;;;
12.49;28545;10452;0.389367;1.546239;;;;;;;;;;;;;;;
12.508;28670;10577;0.394024;1.564731;;;;;;;;;;;;;;;
12.526;28591;10498;0.391081;1.553044;;;;;;;;;;;;;;;
12.545;28594;10501;0.391193;1.553488;;;;;;;;;;;;;;;
12.563;28731;10638;0.396296;1.573755;;;;;;;;;;;;;;;
12.581;28674;10581;0.394173;1.565323;;;;;;;;;;;;;;;
12.599;28568;10475;0.390224;1.549641;;;;;;;;;;;;;;;
12.618;28731;10638;0.396296;1.573755;;;;;;;;;;;;;;;
12.636;28797;10704;0.398755;1.583519;;;;;;;;;;;;;;;
12.654;28633;10540;0.392646;1.559257;;;;;;;;;;;;;;;
12.672;28536;10443;0.389032;1.544907;;;;;;;;;;;;;;;
12.691;28545;10452;0.389367;1.546239;;;;;;;;;;;;;;;
12.709;28624;10531;0.39231;1.557926;;;;;;;;;;;;;;;
12.727;28631;10538;0.392571;1.558961;;;;;;;;;;;;;;;
12.745;28637;10544;0.392795;1.559849;;;;;;;;;;;;;;;
12.764;28616;10523;0.392012;1.556742;;;;;;;;;;;;;;;
12.782;28583;10490;0.390783;1.55186;;;;;;;;;;;;;;;
12.8;28602;10509;0.391491;1.554671;;;;;;;;;;;;;;;
12.818;28563;10470;0.390038;1.548902;;;;;;;;;;;;;;;
12.837;28727;10634;0.396147;1.573163;;;;;;;;;;;;;;;
12.855;28700;10607;0.395142;1.569169;;;;;;;;;;;;;;;
12.873;28560;10467;0.389926;1.548458;;;;;;;;;;;;;;;
12.891;28514;10421;0.388213;1.541653;;;;;;;;;;;;;;;
12.91;28658;10565;0.393577;1.562956;;;;;;;;;;;;;;;
12.928;28619;10526;0.392124;1.557186;;;;;;;;;;;;;;;
12.946;28688;10595;0.394695;1.567394;;;;;;;;;;;;;;;
12.964;28647;10554;0.393167;1.561328;;;;;;;;;;;;;;;
12.983;28662;10569;0.393726;1.563547;;;;;;;;;;;;;;;
13.001;28579;10486;0.390634;1.551269;;;;;;;;;;;;;;;
13.019;28552;10459;0.389628;1.547274;;;;;;;;;;;;;;;
13.037;28726;10633;0.39611;1.573015;;;;;;;;;;;;;;;
13.056;28687;10594;0.394657;1.567246;;;;;;;;;;;;;;;
13.074;28624;10531;0.39231;1.557926;;;;;;;;;;;;;;;
13.092;28626;10533;0.392385;1.558222;;;;;;;;;;;;;;;
13.11;28564;10471;0.390075;1.54905;;;;;;;;;;;;;;;
13.129;28671;10578;0.394061;1.564879;;;;;;;;;;;;;;;
13.147;28584;10491;0.39082;1.552008;;;;;;;;;;;;;;;
13.165;28687;10594;0.394657;1.567246;;;;;;;;;;;;;;;
13.183;28653;10560;0.393391;1.562216;;;;;;;;;;;;;;;
13.202;28667;10574;0.393912;1.564287;;;;;;;;;;;;;;;
13.22;28576;10483;0.390522;1.550825;;;;;;;;;;;;;;;
13.238;28732;10639;0.396334;1.573903;;;;;;;;;;;;;;;
13.256;28663;10570;0.393763;1.563695;;;;;;;;;;;;;;;
13.275;28672;10579;0.394099;1.565027;;;;;;;;;;;;;;;
13.293;28584;10491;0.39082;1.552008;;;;;;;;;;;;;;;
13.311;28584;10491;0.39082;1.552008;;;;;;;;;;;;;;;
13.329;28585;10492;0.390858;1.552156;;;;;;;;;;;;;;;
13.348;28612;10519;0.391863;1.556151;;;;;;;;;;;;;;;
13.366;28699;10606;0.395104;1.569021;;;;;;;;;;;;;;;
13.384;28673;10580;0.394136;1.565175;;;;;;;;;;;;;;;
13.402;28615;10522;0.391975;1.556594;;;;;;;;;;;;;;;
13.42;28537;10444;0.389069;1.545055;;;;;;;;;;;;;;;
13.439;28789;10696;0.398457;1.582335;;;;;;;;;;;;;;;
13.457;28624;10531;0.39231;1.557926;;;;;;;;;;;;;;;
13.475;28588;10495;0.390969;1.5526;;;;;;;;;;;;;;;
13.494;28517;10424;0.388324;1.542097;;;;;;;;;;;;;;;
13.512;28650;10557;0.393279;1.561772;;;;;;;;;;;;;;;
13.53;28689;10596;0.394732;1.567542;;;;;;;;;;;;;;;
13.548;28614;10521;0.391938;1.556446;;;;;;;;;;;;;;;
13.567;28632;10539;0.392608;1.559109;;;;;;;;;;;;;;;
13.585;28822;10729;0.399686;1.587217;;;;;;;;;;;;;;;
13.603;28631;10538;0.392571;1.558961;;;;;;;;;;;;;;;
13.621;28579;10486;0.390634;1.551269;;;;;;;;;;;;;;;
13.64;28555;10462;0.38974;1.547718;;;;;;;;;;;;;;;
13.658;28685;10592;0.394583;1.56695;;;;;;;;;;;;;;;
13.676;28527;10434;0.388697;1.543576;;;;;;;;;;;;;;;
13.694;28551;10458;0.389591;1.547126;;;;;;;;;;;;;;;
13.712;28643;10550;0.393018;1.560737;;;;;;;;;;;;;;;
13.731;28641;10548;0.392944;1.560441;;;;;;;;;;;;;;;
13.749;28629;10536;0.392497;1.558665;;;;;;;;;;;;;;;
13.767;28704;10611;0.395291;1.569761;;;;;;;;;;;;;;;
13.785;28678;10585;0.394322;1.565914;;;;;;;;;;;;;;;
13.804;28611;10518;0.391826;1.556003;;;;;;;;;;;;;;;
13.822;28569;10476;0.390261;1.549789;;;;;;;;;;;;;;;
13.84;28542;10449;0.389256;1.545795;;;;;;;;;;;;;;;
13.858;28884;10791;0.401996;1.596389;;;;;;;;;;;;;;;
13.877;28660;10567;0.393651;1.563252;;;;;;;;;;;;;;;
13.895;28559;10466;0.389889;1.54831;;;;;;;;;;;;;;;
13.913;28675;10582;0.39421;1.565471;;;;;;;;;;;;;;;
13.931;28634;10541;0.392683;1.559405;;;;;;;;;;;;;;;
13.95;28567;10474;0.390187;1.549493;;;;;;;;;;;;;;;
13.968;28614;10521;0.391938;1.556446;;;;;;;;;;;;;;;
13.986;28738;10645;0.396557;1.574791;;;;;;;;;;;;;;;
14.004;28660;10567;0.393651;1.563252;;;;;;;;;;;;;;;
14.023;28531;10438;0.388846;1.544168;;;;;;;;;;;;;;;
14.041;28557;10464;0.389814;1.548014;;;;;;;;;;;;;;;
14.059;28909;10816;0.402927;1.600088;;;;;;;;;;;;;;;
14.077;28563;10470;0.390038;1.548902;;;;;;;;;;;;;;;
14.096;28608;10515;0.391714;1.555559;;;;;;;;;;;;;;;
14.114;28586;10493;0.390895;1.552304;;;;;;;;;;;;;;;
14.132;28643;10550;0.393018;1.560737;;;;;;;;;;;;;;;
14.151;28658;10565;0.393577;1.562956;;;;;;;;;;;;;;;
14.169;28580;10487;0.390671;1.551417;;;;;;;;;;;;;;;
14.187;28681;10588;0.394434;1.566358;;;;;;;;;;;;;;;
14.205;28703;10610;0.395253;1.569613;;;;;;;;;;;;;;;
14.224;28546;10453;0.389405;1.546387;;;;;;;;;;;;;;;
14.242;28522;10429;0.388511;1.542836;;;;;;;;;;;;;;;
14.26;28596;10503;0.391267;1.553784;;;;;;;;;;;;;;;
14.278;28667;10574;0.393912;1.564287;;;;;;;;;;;;;;;
14.296;28574;10481;0.390448;1.550529;;;;;;;;;;;;;;;
14.315;28666;10573;0.393875;1.564139;;;;;;;;;;;;;;;
14.333;28649;10556;0.393242;1.561624;;;;;;;;;;;;;;;
14.351;28630;10537;0.392534;1.558813;;;;;;;;;;;;;;;
14.369;28628;10535;0.392459;1.558518;;;;;;;;;;;;;;;
14.388;28746;10653;0.396855;1.575974;;;;;;;;;;;;;;;
14.406;28684;10591;0.394546;1.566802;;;;;;;;;;;;;;;
14.424;28590;10497;0.391044;1.552896;;;;;;;;;;;;;;;
14.442;28524;10431;0.388585;1.543132;;;;;;;;;;;;;;;
14.461;28699;10606;0.395104;1.569021;;;;;;;;;;;;;;;
14.479;28418;10325;0.384636;1.527451;;;;;;;;;;;;;;;
14.497;28595;10502;0.39123;1.553636;;;;;;;;;;;;;;;
14.516;28671;10578;0.394061;1.564879;;;;;;;;;;;;;;;
14.534;28665;10572;0.393838;1.563991;;;;;;;;;;;;;;;
14.552;28613;10520;0.391901;1.556298;;;;;;;;;;;;;;;
14.57;28559;10466;0.389889;1.54831;;;;;;;;;;;;;;;
14.589;28897;10804;0.40248;1.598313;;;;;;;;;;;;;;;
14.607;28706;10613;0.395365;1.570057;;;;;;;;;;;;;;;
14.625;28574;10481;0.390448;1.550529;;;;;;;;;;;;;;;
14.643;28601;10508;0.391454;1.554523;;;;;;;;;;;;;;;
14.661;28592;10499;0.391118;1.553192;;;;;;;;;;;;;;;
14.68;28695;10602;0.394955;1.568429;;;;;;;;;;;;;;;
14.698;28658;10565;0.393577;1.562956;;;;;;;;;;;;;;;
14.716;28647;10554;0.393167;1.561328;;;;;;;;;;;;;;;
14.734;28734;10641;0.396408;1.574199;;;;;;;;;;;;;;;
14.753;28596;10503;0.391267;1.553784;;;;;;;;;;;;;;;
14.771;28547;10454;0.389442;1.546535;;;;;;;;;;;;;;;
14.789;28591;10498;0.391081;1.553044;;;;;;;;;;;;;;;
14.807;28622;10529;0.392236;1.55763;;;;;;;;;;;;;;;
14.826;28653;10560;0.393391;1.562216;;;;;;;;;;;;;;;
14.844;28569;10476;0.390261;1.549789;;;;;;;;;;;;;;;
14.862;28619;10526;0.392124;1.557186;;;;;;;;;;;;;;;
14.88;28623;10530;0.392273;1.557778;;;;;;;;;;;;;;;
14.899;28628;10535;0.392459;1.558518;;;;;;;;;;;;;;;
14.917;28630;10537;0.392534;1.558813;;;;;;;;;;;;;;;
14.935;28708;10615;0.39544;1.570353;;;;;;;;;;;;;;;
14.953;28600;10507;0.391416;1.554375;;;;;;;;;;;;;;;
14.972;28574;10481;0.390448;1.550529;;;;;;;;;;;;;;;
14.99;28583;10490;0.390783;1.55186;;;;;;;;;;;;;;;
